{
  "training_date": "2026-03-01T21:48:56.302596",
  "dataset_size": 123,
  "num_features": 500,
  "classes": [
    "bearish",
    "bullish",
    "meme",
    "neutral"
  ],
  "config": {
    "max_features": 500,
    "ngram_range": [
      1,
      2
    ],
    "min_df": 2,
    "C": 1.0,
    "class_weight": "balanced",
    "test_size": 0.2,
    "random_state": 42
  },
  "metrics": {
    "training_metrics": {
      "accuracy": 0.9795918367346939,
      "weighted_f1": 0.9795751362531954
    },
    "validation_metrics": {
      "accuracy": 0.64,
      "weighted_f1": 0.6379797979797979,
      "classification_report": {
        "bearish": {
          "precision": 0.75,
          "recall": 0.6,
          "f1-score": 0.6666666666666666,
          "support": 5.0
        },
        "bullish": {
          "precision": 0.45454545454545453,
          "recall": 0.7142857142857143,
          "f1-score": 0.5555555555555556,
          "support": 7.0
        },
        "meme": {
          "precision": 0.0,
          "recall": 0.0,
          "f1-score": 0.0,
          "support": 1.0
        },
        "neutral": {
          "precision": 0.8,
          "recall": 0.6666666666666666,
          "f1-score": 0.7272727272727273,
          "support": 12.0
        },
        "accuracy": 0.64,
        "macro avg": {
          "precision": 0.5011363636363637,
          "recall": 0.49523809523809526,
          "f1-score": 0.4873737373737374,
          "support": 25.0
        },
        "weighted avg": {
          "precision": 0.6612727272727272,
          "recall": 0.64,
          "f1-score": 0.6379797979797979,
          "support": 25.0
        }
      }
    },
    "confusion_matrix": [
      [
        3,
        2,
        0,
        0
      ],
      [
        0,
        5,
        0,
        2
      ],
      [
        0,
        1,
        0,
        0
      ],
      [
        1,
        3,
        0,
        8
      ]
    ],
    "cross_val_scores": {
      "mean": 0.46592213735841537,
      "std": 0.029586616587284384,
      "scores": [
        0.49131513647642683,
        0.46894931017829317,
        0.41675743611227484,
        0.48666666666666664
      ]
    },
    "num_features": 500,
    "classes": [
      "bearish",
      "bullish",
      "meme",
      "neutral"
    ]
  }
}