{
  "version": 9,
  "label_source": "programmatic",
  "training_date": "20260301_214856",
  "dataset_size": 123,
  "metrics": {
    "accuracy": 0.64,
    "weighted_f1": 0.6379797979797979,
    "classification_report": {
      "bearish": {
        "precision": 0.75,
        "recall": 0.6,
        "f1-score": 0.6666666666666666,
        "support": 5.0
      },
      "bullish": {
        "precision": 0.45454545454545453,
        "recall": 0.7142857142857143,
        "f1-score": 0.5555555555555556,
        "support": 7.0
      },
      "meme": {
        "precision": 0.0,
        "recall": 0.0,
        "f1-score": 0.0,
        "support": 1.0
      },
      "neutral": {
        "precision": 0.8,
        "recall": 0.6666666666666666,
        "f1-score": 0.7272727272727273,
        "support": 12.0
      },
      "accuracy": 0.64,
      "macro avg": {
        "precision": 0.5011363636363637,
        "recall": 0.49523809523809526,
        "f1-score": 0.4873737373737374,
        "support": 25.0
      },
      "weighted avg": {
        "precision": 0.6612727272727272,
        "recall": 0.64,
        "f1-score": 0.6379797979797979,
        "support": 25.0
      }
    }
  },
  "config": {
    "max_features": 500,
    "ngram_range": [
      1,
      2
    ],
    "min_df": 2,
    "C": 1.0,
    "class_weight": "balanced",
    "test_size": 0.2,
    "random_state": 42
  },
  "notes": ""
}