{
  "training_date": "2026-03-01T20:16:41.838387",
  "dataset_size": 407,
  "num_features": 500,
  "classes": [
    "bearish",
    "bullish",
    "meme",
    "neutral"
  ],
  "config": {
    "max_features": 500,
    "ngram_range": [
      1,
      2
    ],
    "min_df": 2,
    "C": 1.0,
    "class_weight": "balanced",
    "test_size": 0.2,
    "random_state": 42
  },
  "metrics": {
    "training_metrics": {
      "accuracy": 0.9353846153846154,
      "weighted_f1": 0.9358401063264763
    },
    "validation_metrics": {
      "accuracy": 0.6829268292682927,
      "weighted_f1": 0.6826014902101357,
      "classification_report": {
        "bearish": {
          "precision": 0.65,
          "recall": 0.5909090909090909,
          "f1-score": 0.6190476190476191,
          "support": 22.0
        },
        "bullish": {
          "precision": 0.7894736842105263,
          "recall": 0.8333333333333334,
          "f1-score": 0.8108108108108109,
          "support": 36.0
        },
        "meme": {
          "precision": 0.6428571428571429,
          "recall": 0.5294117647058824,
          "f1-score": 0.5806451612903226,
          "support": 17.0
        },
        "neutral": {
          "precision": 0.4,
          "recall": 0.5714285714285714,
          "f1-score": 0.47058823529411764,
          "support": 7.0
        },
        "accuracy": 0.6829268292682927,
        "macro avg": {
          "precision": 0.6205827067669173,
          "recall": 0.6312706900942195,
          "f1-score": 0.6202729566107176,
          "support": 82.0
        },
        "weighted avg": {
          "precision": 0.688410049514029,
          "recall": 0.6829268292682927,
          "f1-score": 0.6826014902101357,
          "support": 82.0
        }
      }
    },
    "confusion_matrix": [
      [
        13,
        4,
        2,
        3
      ],
      [
        3,
        30,
        2,
        1
      ],
      [
        2,
        4,
        9,
        2
      ],
      [
        2,
        0,
        1,
        4
      ]
    ],
    "cross_val_scores": {
      "mean": 0.7357125141863848,
      "std": 0.05233438898265715,
      "scores": [
        0.7627985542832298,
        0.7764410300354699,
        0.7577680833098791,
        0.6458423891169606
      ]
    },
    "num_features": 500,
    "classes": [
      "bearish",
      "bullish",
      "meme",
      "neutral"
    ]
  }
}