{
  "version": 7,
  "label_source": "programmatic",
  "training_date": "20260301_201641",
  "dataset_size": 407,
  "metrics": {
    "accuracy": 0.6829268292682927,
    "weighted_f1": 0.6826014902101357,
    "classification_report": {
      "bearish": {
        "precision": 0.65,
        "recall": 0.5909090909090909,
        "f1-score": 0.6190476190476191,
        "support": 22.0
      },
      "bullish": {
        "precision": 0.7894736842105263,
        "recall": 0.8333333333333334,
        "f1-score": 0.8108108108108109,
        "support": 36.0
      },
      "meme": {
        "precision": 0.6428571428571429,
        "recall": 0.5294117647058824,
        "f1-score": 0.5806451612903226,
        "support": 17.0
      },
      "neutral": {
        "precision": 0.4,
        "recall": 0.5714285714285714,
        "f1-score": 0.47058823529411764,
        "support": 7.0
      },
      "accuracy": 0.6829268292682927,
      "macro avg": {
        "precision": 0.6205827067669173,
        "recall": 0.6312706900942195,
        "f1-score": 0.6202729566107176,
        "support": 82.0
      },
      "weighted avg": {
        "precision": 0.688410049514029,
        "recall": 0.6829268292682927,
        "f1-score": 0.6826014902101357,
        "support": 82.0
      }
    }
  },
  "config": {
    "max_features": 500,
    "ngram_range": [
      1,
      2
    ],
    "min_df": 2,
    "C": 1.0,
    "class_weight": "balanced",
    "test_size": 0.2,
    "random_state": 42
  },
  "notes": ""
}