{
  "training_date": "2026-03-01T20:07:17.510567",
  "dataset_size": 405,
  "num_features": 500,
  "classes": [
    "bearish",
    "bullish",
    "meme",
    "neutral"
  ],
  "config": {
    "max_features": 500,
    "ngram_range": [
      1,
      2
    ],
    "min_df": 2,
    "C": 1.0,
    "class_weight": "balanced",
    "test_size": 0.2,
    "random_state": 42
  },
  "metrics": {
    "training_metrics": {
      "accuracy": 0.9351851851851852,
      "weighted_f1": 0.9356215410813113
    },
    "validation_metrics": {
      "accuracy": 0.7407407407407407,
      "weighted_f1": 0.7339081230989445,
      "classification_report": {
        "bearish": {
          "precision": 0.75,
          "recall": 0.8181818181818182,
          "f1-score": 0.782608695652174,
          "support": 22.0
        },
        "bullish": {
          "precision": 0.8108108108108109,
          "recall": 0.8571428571428571,
          "f1-score": 0.8333333333333334,
          "support": 35.0
        },
        "meme": {
          "precision": 0.6,
          "recall": 0.5294117647058824,
          "f1-score": 0.5625,
          "support": 17.0
        },
        "neutral": {
          "precision": 0.6,
          "recall": 0.42857142857142855,
          "f1-score": 0.5,
          "support": 7.0
        },
        "accuracy": 0.7407407407407407,
        "macro avg": {
          "precision": 0.6902027027027028,
          "recall": 0.6583269671504965,
          "f1-score": 0.6696105072463768,
          "support": 81.0
        },
        "weighted avg": {
          "precision": 0.7318318318318319,
          "recall": 0.7407407407407407,
          "f1-score": 0.7339081230989445,
          "support": 81.0
        }
      }
    },
    "confusion_matrix": [
      [
        18,
        2,
        2,
        0
      ],
      [
        2,
        30,
        3,
        0
      ],
      [
        1,
        5,
        9,
        2
      ],
      [
        3,
        0,
        1,
        3
      ]
    ],
    "cross_val_scores": {
      "mean": 0.7242758333198489,
      "std": 0.057094818556073665,
      "scores": [
        0.7530768038440673,
        0.7739887571500661,
        0.742708515720088,
        0.6273292565651747
      ]
    },
    "num_features": 500,
    "classes": [
      "bearish",
      "bullish",
      "meme",
      "neutral"
    ]
  }
}